{"filesMd5":[{"page":"/config/index.js","md5":"4970d34f04dc33dba2467d9fd1525fb2"},{"page":"/mediator/index.js","md5":"817c93b703a6fbb1a84ab9c55da82fc6"},{"page":"/pages/community/activity.js","md5":"a2e40a2e115317f02b5946ed19869984"},{"page":"/pages/community/circle.js","md5":"efde08cdecf5d45208be26943e6a3919"},{"page":"/pages/community/index.js","md5":"f4f3337170cef1c32e132e3ea41b232c"},{"page":"/pages/home/highlights.js","md5":"12cc095cc082cf21288e534181ccdfd6"},{"page":"/pages/community/recommend.js","md5":"dca0969d9ba100d3d0dd3f8f7c3a7961"},{"page":"/pages/home/index.js","md5":"6b4ccea24d656b3c1d85445a87d01d15"},{"page":"/pages/home/recommend.js","md5":"518ca736369a34315798e4dabf839f88"},{"page":"/pages/profile/index.js","md5":"afc7a113fbacca8adbe80d06f8808de4"},{"page":"/pages/schedule/match.js","md5":"00eeb41b48aa602646148f2932b8505f"},{"page":"/pages/schedule/index.js","md5":"75f34744a2da2b53fccdfb131b0afc48"},{"page":"/pages/schedule/follow.js","md5":"46f0df8ab5d9d45ab0ac70b8b7a70467"},{"page":"/pages/schedule/popular.js","md5":"0230fc7e9670fd14d048039c1e02f713"},{"page":"/iconfont/fa-brands-400.ttf","md5":"0645de09d8f06745894605e5bc9c0ddb"},{"page":"/assets/TabBar_Item1@2x.png","md5":"02c1875f727a1f4ec7a9e113498a96a5"},{"page":"/assets/TabBar_Item1_Selected@2x.png","md5":"d5e7609700d9a4f075e39b20fecbb9c3"},{"page":"/assets/TabBar_Item2@2x.png","md5":"a30651ed422c597849ce3d69b2f79048"},{"page":"/assets/TabBar_Item2_Selected@2x.png","md5":"fe893d14ff2d7b330a4aeefddbd8a7fa"},{"page":"/assets/TabBar_Item3@2x.png","md5":"fd2645e8081db44f2110661c2643f5cf"},{"page":"/assets/TabBar_Item3_Selected@2x.png","md5":"457d615a5c198b0148609f5eed84be70"},{"page":"/assets/demo.jpg","md5":"332c4e7d5398207c1b49750369a72848"}],"android":"1.0.0","iOS":"1.0.0","appName":"eros-zbb","jsVersion":"40c25904179f15cfb35e52fb8c64462f","timestamp":1540883201652,"jsPath":"http://192.168.1.7:3001/static/dist/js/"}
