{"filesMd5":[{"page":"/mediator/index.js","md5":"c47d93f17084ea4a1e239f130f8ee6c7"},{"page":"/pages/comments/index.js","md5":"0b02a980aba2b04105f9257184649cab"},{"page":"/pages/community/activity.js","md5":"6457798110b861747ca1d60c3e530fd7"},{"page":"/pages/community/circle.js","md5":"be6eb0772c1d53b10421c26f2d52518b"},{"page":"/config/index.js","md5":"eecdaa22e669707a0dc5fc357313cff0"},{"page":"/pages/community/index.js","md5":"051285b4f41ef06ec7d86f48296b3b66"},{"page":"/pages/community/recommend.js","md5":"79242548fdb8178852537b5651fdba1c"},{"page":"/pages/home/highlights.js","md5":"4b5d8bd2c55d9dc7702a94d2ef531e89"},{"page":"/pages/home/addChannel.js","md5":"f94db96bc8798cb90dc9158a49ed6f79"},{"page":"/pages/home/index.js","md5":"65bb71ef3208f963f3c92a017fd4d24d"},{"page":"/pages/home/recommend.js","md5":"8c4553c66382830384390e26d14f43e5"},{"page":"/pages/news/index.js","md5":"a5d03d0495123e29c4a3ce462ffce3b5"},{"page":"/pages/profile/about.js","md5":"331d183fc6a3d9d31f96aed02a3d88fb"},{"page":"/pages/live/index.js","md5":"63ba6c97c214affa2ea51e9c7fa75238"},{"page":"/pages/profile/join.js","md5":"c466a75507ee75fa1af7583d1eec7169"},{"page":"/pages/profile/index.js","md5":"416293d901d1774b6228f5abb2fc180e"},{"page":"/pages/profile/message.js","md5":"f5f073df2759891a74a3fe014316d040"},{"page":"/pages/profile/myself.js","md5":"de4d0a75f6f6c7266dbcc81a9f88f3c0"},{"page":"/pages/profile/problem.js","md5":"d05d86040bfc780c529abfd59e8a1fee"},{"page":"/pages/profile/push.js","md5":"14632fa77da3fbe42ca915fef8aebad7"},{"page":"/pages/profile/setting.js","md5":"b7082e949c6b30df8b8dfcd4f1428487"},{"page":"/pages/profile/suggestion.js","md5":"916bc6a44b6f1c528e63c051b2c8ae12"},{"page":"/pages/schedule/follow.js","md5":"b4f037e7464856c5abf0a98e381245e4"},{"page":"/pages/schedule/popular.js","md5":"07be2810739ad545002be9333d669a23"},{"page":"/pages/schedule/match.js","md5":"8c016f18ee4188336ca4271255b658f0"},{"page":"/pages/schedule/league/index.js","md5":"9cf790df244dc40d05a9b5e32134f0af"},{"page":"/pages/schedule/index.js","md5":"79a60124a74f02e8094b2ba311a121c1"},{"page":"/iconfont/fa-solid-900.ttf","md5":"b6d7e0398b8f0267116515a37b1dec82"},{"page":"/iconfont/fontawesome-webfont.ttf","md5":"e1dd9adb4f69bb9a0bdcb6560e6c3fae"},{"page":"/assets/TabBar_Item1@2x.png","md5":"02c1875f727a1f4ec7a9e113498a96a5"},{"page":"/assets/TabBar_Item1_Selected@2x.png","md5":"d5e7609700d9a4f075e39b20fecbb9c3"},{"page":"/assets/TabBar_Item2@2x.png","md5":"a30651ed422c597849ce3d69b2f79048"},{"page":"/assets/TabBar_Item2_Selected@2x.png","md5":"fe893d14ff2d7b330a4aeefddbd8a7fa"},{"page":"/assets/TabBar_Item3@2x.png","md5":"fd2645e8081db44f2110661c2643f5cf"},{"page":"/assets/TabBar_Item3_Selected@2x.png","md5":"457d615a5c198b0148609f5eed84be70"},{"page":"/assets/demo.jpg","md5":"332c4e7d5398207c1b49750369a72848"}],"android":"1.0.0","iOS":"1.0.0","appName":"eros-zbb","jsVersion":"117616eca974a13265c106294d303e0c","timestamp":1542345336916,"jsPath":"http://192.168.1.7:3001/static/dist/js/"}
