{"filesMd5":[{"page":"/config/index.js","md5":"b8a82432968f99acbbe8fe6672bb58d4"},{"page":"/pages/community/activity.js","md5":"0291741949c74502a0ae82ee66dd54be"},{"page":"/pages/community/circle.js","md5":"e69ea1230fd96f3101341c8053304e90"},{"page":"/pages/community/index.js","md5":"5c6d4a65e57a036ecdf0ac5299bd698d"},{"page":"/pages/community/recommend.js","md5":"dca0969d9ba100d3d0dd3f8f7c3a7961"},{"page":"/pages/home/highlights.js","md5":"12cc095cc082cf21288e534181ccdfd6"},{"page":"/pages/home/index.js","md5":"acde1f692e991279af7b272502dbe0e0"},{"page":"/pages/home/recommend.js","md5":"518ca736369a34315798e4dabf839f88"},{"page":"/pages/profile/about.js","md5":"66a0009174d73c08a7645e1e9f9d3092"},{"page":"/pages/profile/index.js","md5":"2e7ebab7dca6135762e8c6531df96f02"},{"page":"/pages/profile/join.js","md5":"d5e192125ce7be8fd63a272e3d889b80"},{"page":"/pages/profile/message.js","md5":"e5de23d3b7ed2e586e3af47d7c287799"},{"page":"/pages/profile/myself.js","md5":"2513635b60aa6e0ee096c0a8d03fdd1b"},{"page":"/pages/profile/problem.js","md5":"1c2452c78029aa7ee7e400161a311fb0"},{"page":"/pages/profile/push.js","md5":"3cef9c15912d31a40b263f27dfb58505"},{"page":"/pages/profile/setting.js","md5":"b284c00455d9c0a11276e708bccbd6c0"},{"page":"/pages/profile/suggestion.js","md5":"f6a0bfcd050aee7144009bdc0bb974ce"},{"page":"/pages/schedule/match.js","md5":"5d7f4d4f3f05082e28538f24e6d00f38"},{"page":"/pages/schedule/follow.js","md5":"3320ffc7050b7f24005a1bb708510c25"},{"page":"/pages/schedule/index.js","md5":"c4ecbf9b071b6fea4034cd273cf21459"},{"page":"/pages/schedule/popular.js","md5":"9e02501f60c5ee3ad312f108bce8aaec"},{"page":"/mediator/index.js","md5":"817c93b703a6fbb1a84ab9c55da82fc6"},{"page":"/iconfont/fontawesome-webfont.ttf","md5":"e1dd9adb4f69bb9a0bdcb6560e6c3fae"},{"page":"/assets/TabBar_Item1@2x.png","md5":"02c1875f727a1f4ec7a9e113498a96a5"},{"page":"/assets/TabBar_Item1_Selected@2x.png","md5":"d5e7609700d9a4f075e39b20fecbb9c3"},{"page":"/assets/TabBar_Item2@2x.png","md5":"a30651ed422c597849ce3d69b2f79048"},{"page":"/assets/TabBar_Item2_Selected@2x.png","md5":"fe893d14ff2d7b330a4aeefddbd8a7fa"},{"page":"/assets/TabBar_Item3@2x.png","md5":"fd2645e8081db44f2110661c2643f5cf"},{"page":"/assets/TabBar_Item3_Selected@2x.png","md5":"457d615a5c198b0148609f5eed84be70"},{"page":"/assets/demo.jpg","md5":"332c4e7d5398207c1b49750369a72848"}],"android":"1.0.0","iOS":"1.0.0","appName":"eros-zbb","jsVersion":"43470f809352ed9a50f6f243652ea85d","timestamp":1541149230675,"jsPath":"http://192.168.1.7:3001/static/dist/js/"}
