{"filesMd5":[{"page":"/mediator/index.js","md5":"4cb86c648bc74b2059c8ddc55d48f88e"},{"page":"/pages/community/activity.js","md5":"47a0ae6b511868e872f366487dda891b"},{"page":"/pages/community/circle.js","md5":"0ef75d223bf6285a8cd52e401915d3f2"},{"page":"/pages/community/index.js","md5":"617bc20a52e7b89d05b6c9d37aba1dda"},{"page":"/pages/community/recommend.js","md5":"dd153ccbfde9b10449078aefd2e44247"},{"page":"/pages/home/highlights.js","md5":"d4ade7b5fe3fbc5280bbc0d3b659d460"},{"page":"/pages/home/index.js","md5":"e63d2b3ab63c9251364c3f50b11c6aa2"},{"page":"/pages/home/recommend.js","md5":"93148573df451de120271678d3af98b5"},{"page":"/pages/profile/about.js","md5":"7213b4852031804528e3189f28fa7cc7"},{"page":"/pages/live/index.js","md5":"513169cdd4e5c4126310ccc929620e01"},{"page":"/config/index.js","md5":"d532dfe50cede4d488f367efa79e7f86"},{"page":"/pages/profile/index.js","md5":"c9986257b45fbec56552dcdb1f1c3b89"},{"page":"/pages/profile/join.js","md5":"2c5631a7bae424d964d4dce6882e5612"},{"page":"/pages/profile/message.js","md5":"8f74461bc988b47f13f7c535d39de157"},{"page":"/pages/profile/myself.js","md5":"6abb49401c6c341a4fbcc95c2819892a"},{"page":"/pages/profile/problem.js","md5":"120db1d316509b4ae45dd77972f772cc"},{"page":"/pages/profile/push.js","md5":"3455ee34b93d204e77d0a710b584beb3"},{"page":"/pages/profile/setting.js","md5":"2cd78de26b19e442d674a0b252791aa9"},{"page":"/pages/profile/suggestion.js","md5":"c674fe866d9b6e4c7c06d767d0ad5fbc"},{"page":"/pages/schedule/follow.js","md5":"12be40ed41628bf14fe68ddf52a011ac"},{"page":"/pages/schedule/index.js","md5":"7e3af3691b75be3017fddf01c761f7d3"},{"page":"/pages/schedule/match.js","md5":"f56e8d1b62283484ac3713cefd7b68b2"},{"page":"/pages/schedule/popular.js","md5":"db53b8dd5b419c789b56e063bc19f25e"},{"page":"/iconfont/fa-solid-900.ttf","md5":"b6d7e0398b8f0267116515a37b1dec82"},{"page":"/iconfont/fontawesome-webfont.ttf","md5":"e1dd9adb4f69bb9a0bdcb6560e6c3fae"},{"page":"/assets/TabBar_Item1@2x.png","md5":"02c1875f727a1f4ec7a9e113498a96a5"},{"page":"/assets/TabBar_Item1_Selected@2x.png","md5":"d5e7609700d9a4f075e39b20fecbb9c3"},{"page":"/assets/TabBar_Item2@2x.png","md5":"a30651ed422c597849ce3d69b2f79048"},{"page":"/assets/TabBar_Item2_Selected@2x.png","md5":"fe893d14ff2d7b330a4aeefddbd8a7fa"},{"page":"/assets/TabBar_Item3@2x.png","md5":"fd2645e8081db44f2110661c2643f5cf"},{"page":"/assets/TabBar_Item3_Selected@2x.png","md5":"457d615a5c198b0148609f5eed84be70"},{"page":"/assets/demo.jpg","md5":"332c4e7d5398207c1b49750369a72848"}],"android":"1.0.0","iOS":"1.0.0","appName":"eros-zbb","jsVersion":"daa8ddd42f7981b60c7d0f1d0c42d8f7","timestamp":1542073104038,"jsPath":"http://192.168.1.7:3001/static/dist/js/"}
