{"filesMd5":[{"page":"/config/index.js","md5":"71f6e5eb92d1cd7328e281a6f72aecae"},{"page":"/mediator/index.js","md5":"817c93b703a6fbb1a84ab9c55da82fc6"},{"page":"/pages/community/activity.js","md5":"902b52641a7b00e7fe2afd41acdde358"},{"page":"/pages/community/index.js","md5":"392b8ad58e5059a0b9c54ef2f042cc07"},{"page":"/pages/community/circle.js","md5":"420e511db93193757a54ba689857639d"},{"page":"/pages/community/recommend.js","md5":"dca0969d9ba100d3d0dd3f8f7c3a7961"},{"page":"/pages/home/highlights.js","md5":"12cc095cc082cf21288e534181ccdfd6"},{"page":"/pages/home/index.js","md5":"0ddcfce1b2b77403dfd0e6fb8ae22c1c"},{"page":"/pages/home/recommend.js","md5":"518ca736369a34315798e4dabf839f88"},{"page":"/pages/profile/index.js","md5":"ecde8199cb92ec0cfff587101d4a3a4e"},{"page":"/pages/schedule/match.js","md5":"56618d80f55050531c9de07398fa4818"},{"page":"/pages/schedule/follow.js","md5":"3320ffc7050b7f24005a1bb708510c25"},{"page":"/pages/schedule/index.js","md5":"d09c3c009c88208d25f8dece13356208"},{"page":"/pages/schedule/popular.js","md5":"9e02501f60c5ee3ad312f108bce8aaec"},{"page":"/assets/TabBar_Item1@2x.png","md5":"02c1875f727a1f4ec7a9e113498a96a5"},{"page":"/assets/TabBar_Item1_Selected@2x.png","md5":"d5e7609700d9a4f075e39b20fecbb9c3"},{"page":"/assets/TabBar_Item2@2x.png","md5":"a30651ed422c597849ce3d69b2f79048"},{"page":"/assets/TabBar_Item2_Selected@2x.png","md5":"fe893d14ff2d7b330a4aeefddbd8a7fa"},{"page":"/assets/TabBar_Item3@2x.png","md5":"fd2645e8081db44f2110661c2643f5cf"},{"page":"/assets/TabBar_Item3_Selected@2x.png","md5":"457d615a5c198b0148609f5eed84be70"},{"page":"/assets/demo.jpg","md5":"332c4e7d5398207c1b49750369a72848"}],"android":"1.0.0","iOS":"1.0.0","appName":"eros-zbb","jsVersion":"3f94ffe5f11783519b8aab2459ccdd1e","timestamp":1540875768526,"jsPath":"http://192.168.1.7:3001/static/dist/js/"}
