{"filesMd5":[{"page":"/pages/community/circle.js","md5":"2d2770a5c5b29b579ae7af3b5e941801"},{"page":"/mediator/index.js","md5":"70be6953a39aede573f2f4e1a037f028"},{"page":"/pages/community/activity.js","md5":"f4a4f3e6b3cde3ef46b6a3f6e8d8df6c"},{"page":"/pages/community/index.js","md5":"603296b490c809c220a3e537948809eb"},{"page":"/pages/community/recommend.js","md5":"63c006f4835c176f979abb532df1ff78"},{"page":"/pages/home/highlights.js","md5":"166b83491e1a1764a04f06623fd92662"},{"page":"/pages/home/index.js","md5":"6df03d6dc4e80c99abb5e83257617d10"},{"page":"/pages/home/recommend.js","md5":"6953849ce576415b452e498e3808ecaf"},{"page":"/pages/profile/about.js","md5":"b46b479c040319f0f91a35dc4e826b82"},{"page":"/pages/profile/index.js","md5":"44742a3c6129fd2bfe62b89e2e0a90a2"},{"page":"/pages/profile/join.js","md5":"a6b535026148df8dd6ef03242d670544"},{"page":"/pages/profile/message.js","md5":"9a5170ec1c0830def5e9d94de15654a2"},{"page":"/pages/profile/myself.js","md5":"50717c2c15215cacb8727c881fb791d2"},{"page":"/pages/profile/problem.js","md5":"131fd675ade4ecdf102736a35e834380"},{"page":"/pages/profile/push.js","md5":"b008ceb3c2b3b89f2085df099ec1ffec"},{"page":"/pages/profile/setting.js","md5":"c6be4669623f5cf1d4a7459c29f9e06a"},{"page":"/pages/profile/suggestion.js","md5":"11205c54aa66b0c48f2c194e55f64186"},{"page":"/config/index.js","md5":"b57f2115ea78871c2a6d6f0d1f353317"},{"page":"/pages/schedule/match.js","md5":"0d87cb354893b87897bd1beff10ef903"},{"page":"/pages/schedule/follow.js","md5":"ef8ac0363f3a679c289dac7ae4f66bef"},{"page":"/pages/schedule/popular.js","md5":"f12f7090fc52c5f7fdea6994c3198fe8"},{"page":"/pages/schedule/index.js","md5":"5ebd2701fd77137c9e43b54d07b568b1"},{"page":"/iconfont/fontawesome-webfont.ttf","md5":"e1dd9adb4f69bb9a0bdcb6560e6c3fae"},{"page":"/assets/TabBar_Item1@2x.png","md5":"02c1875f727a1f4ec7a9e113498a96a5"},{"page":"/assets/TabBar_Item1_Selected@2x.png","md5":"d5e7609700d9a4f075e39b20fecbb9c3"},{"page":"/assets/TabBar_Item2@2x.png","md5":"a30651ed422c597849ce3d69b2f79048"},{"page":"/assets/TabBar_Item2_Selected@2x.png","md5":"fe893d14ff2d7b330a4aeefddbd8a7fa"},{"page":"/assets/TabBar_Item3@2x.png","md5":"fd2645e8081db44f2110661c2643f5cf"},{"page":"/assets/TabBar_Item3_Selected@2x.png","md5":"457d615a5c198b0148609f5eed84be70"},{"page":"/assets/demo.jpg","md5":"332c4e7d5398207c1b49750369a72848"}],"android":"1.0.0","iOS":"1.0.0","appName":"eros-zbb","jsVersion":"dbf0e9686eab78a2ff64fb14d0a1b085","timestamp":1541407275882,"jsPath":"http://192.168.1.7:3001/static/dist/js/"}
