{"filesMd5":[{"page":"/config/index.js","md5":"d563cafcef52ac879c1e2811647999fc"},{"page":"/mediator/index.js","md5":"a4f2b2b9db97e332e75fa11e8caa2615"},{"page":"/pages/community/recommend.js","md5":"1f4a68eb88fa0e390f1b93cf7c8c313b"},{"page":"/pages/home/highlights.js","md5":"c679ba216aed784f4bc98872d0f6ed2e"},{"page":"/pages/home/index.js","md5":"9ad8ae700f739c54b92f3ad619cd393c"},{"page":"/pages/home/recommend.js","md5":"7202139be2df95d894534bf9a290f966"},{"page":"/pages/profile/index.js","md5":"7155a83bbdda773de8e2acf2877639d1"},{"page":"/pages/schedule/popular.js","md5":"023525356feb974efe579d7fc9809a85"},{"page":"/assets/TabBar_Item1@2x.png","md5":"02c1875f727a1f4ec7a9e113498a96a5"},{"page":"/assets/TabBar_Item1_Selected@2x.png","md5":"d5e7609700d9a4f075e39b20fecbb9c3"},{"page":"/assets/TabBar_Item2@2x.png","md5":"a30651ed422c597849ce3d69b2f79048"},{"page":"/assets/TabBar_Item2_Selected@2x.png","md5":"fe893d14ff2d7b330a4aeefddbd8a7fa"},{"page":"/assets/TabBar_Item3@2x.png","md5":"fd2645e8081db44f2110661c2643f5cf"},{"page":"/assets/TabBar_Item3_Selected@2x.png","md5":"457d615a5c198b0148609f5eed84be70"},{"page":"/assets/demo.jpg","md5":"332c4e7d5398207c1b49750369a72848"}],"android":"1.0.0","iOS":"1.0.0","appName":"eros-zbb","jsVersion":"b13f1c83e5c266b3305aa847bb077977","timestamp":1539943350975,"jsPath":"https://app.weex-eros.com/source"}
