{"filesMd5":[{"page":"/config/index.js","md5":"735f7cb5cfe6decb56f5914de1198a34"},{"page":"/mediator/index.js","md5":"4cb86c648bc74b2059c8ddc55d48f88e"},{"page":"/pages/community/activity.js","md5":"133c9a235a299f7ef16ed8eb1ca90711"},{"page":"/pages/community/circle.js","md5":"a4fe44a3dea350bb57e2ed7db56dfd1f"},{"page":"/pages/community/recommend.js","md5":"532525eee0ab2372ee9fb2f0aed924f6"},{"page":"/pages/community/index.js","md5":"b94ab2546b6b03f967903b290e3b46c5"},{"page":"/pages/home/highlights.js","md5":"aabe1e5c44faee66ac50919b29f86de7"},{"page":"/pages/home/index.js","md5":"b6bba4f55a5293361cfadd9fb5c298cb"},{"page":"/pages/home/recommend.js","md5":"5852c3a5416d3b20c0e2614ca5d2cfe1"},{"page":"/pages/live/index.js","md5":"8e70f239dd063b250b518082282db18b"},{"page":"/pages/profile/about.js","md5":"03b37e887fec7701ee69bd48fd278c7d"},{"page":"/pages/profile/index.js","md5":"abdba00a18eaa43fd59ed72c95b440fe"},{"page":"/pages/profile/join.js","md5":"0d49defe13fbffca7d0ec6eed1e6ef4e"},{"page":"/pages/profile/message.js","md5":"50efee3c005ca5fac95c4a8e9a3edf11"},{"page":"/pages/profile/myself.js","md5":"748185a90107d23fcd172ff1d6e3f32f"},{"page":"/pages/profile/problem.js","md5":"ae1aa0479e271530010ac46698486256"},{"page":"/pages/profile/push.js","md5":"5ee9a80be7b4147e09f6020088ae330e"},{"page":"/pages/profile/setting.js","md5":"42ffb13bbe0b3df10d289678a704a035"},{"page":"/pages/profile/suggestion.js","md5":"6820322ef0f706c474b9e32c4a151cfe"},{"page":"/pages/schedule/index.js","md5":"1c43b0a1f5fb0e41e583e331bdbe98d1"},{"page":"/pages/schedule/match.js","md5":"4c0e51bec494868085dbd79b160dcbc8"},{"page":"/pages/schedule/popular.js","md5":"2d46a3f181142e66c9bdc3afc13dda98"},{"page":"/pages/schedule/follow.js","md5":"213c3e12cd41c541ad7703bfc5ea722e"},{"page":"/iconfont/fa-solid-900.ttf","md5":"b6d7e0398b8f0267116515a37b1dec82"},{"page":"/iconfont/fontawesome-webfont.ttf","md5":"e1dd9adb4f69bb9a0bdcb6560e6c3fae"},{"page":"/assets/TabBar_Item1@2x.png","md5":"02c1875f727a1f4ec7a9e113498a96a5"},{"page":"/assets/TabBar_Item1_Selected@2x.png","md5":"d5e7609700d9a4f075e39b20fecbb9c3"},{"page":"/assets/TabBar_Item2@2x.png","md5":"a30651ed422c597849ce3d69b2f79048"},{"page":"/assets/TabBar_Item2_Selected@2x.png","md5":"fe893d14ff2d7b330a4aeefddbd8a7fa"},{"page":"/assets/TabBar_Item3@2x.png","md5":"fd2645e8081db44f2110661c2643f5cf"},{"page":"/assets/TabBar_Item3_Selected@2x.png","md5":"457d615a5c198b0148609f5eed84be70"},{"page":"/assets/demo.jpg","md5":"332c4e7d5398207c1b49750369a72848"}],"android":"1.0.0","iOS":"1.0.0","appName":"eros-zbb","jsVersion":"bfca7fe280fcd064bdbeb640b1bc4d50","timestamp":1541654475691,"jsPath":"http://192.168.1.7:3001/static/dist/js/"}
